Mes,Data,Modelo,EMAE4.SA,GFSA3.SA,AGRO3.SA,BRAP4.SA,BRPR3.SA,MGLU3.SA,OIBR3.SA,CSNA3.SA,PCAR3.SA,BBAS3.SA,PLPL3.SA,RDOR3.SA,PSSA3.SA,TIMS3.SA,PINE4.SA,WEGE3.SA,AZUL4.SA,EMBR3.SA,MOVI3.SA,CMIG4.SA,VLID3.SA,MSFT34.SA,AERI3.SA,CXSE3.SA,BPAC11.SA,TEND3.SA,TRIS3.SA,HBOR3.SA,POSI3.SA,TRAD3.SA,PRIO3.SA,MRVE3.SA,OIBR4.SA,CYRE3.SA,GGBR4.SA,PETR4.SA,BRIV3.SA,SUZB3.SA,SBSP3.SA,VALE3.SA,EVEN3.SA,VIVT3.SA,SANB11.SA,LREN3.SA,USIM5.SA,DIRR3.SA,BRSR6.SA,PETZ3.SA,EGIE3.SA,CPFE3.SA,TOTS3.SA,RAIL3.SA,EQTL3.SA,SEQL3.SA,B3SA3.SA,ABEV3.SA,ELET3.SA,RENT3.SA,ASAI3.SA,TFCO4.SA
2023-01,2023-01-01,RF,0.4,0.1167999333102214,0.12936140253275047,0.16856629309161983,0.18527237106540462,,,,,,,,,,,,,,,,,,,,,,,,,,,,,,,,,,,,,,,,,,,,,,,,,,,,,,,
2023-02,2023-02-01,RF,,,,,,0.1714710531632935,0.07277941821277345,0.2419615379685948,0.10421411111735966,0.29694412516843444,0.034220173125678995,0.0784095812438652,,,,,,,,,,,,,,,,,,,,,,,,,,,,,,,,,,,,,,,,,,,,,,,,
2023-03,2023-03-01,RF,,,,,,,,,,0.04755946525813746,,,0.4,0.4,0.07071910962348596,0.08172142511837169,,,,,,,,,,,,,,,,,,,,,,,,,,,,,,,,,,,,,,,,,,,,
2023-04,2023-04-01,RF,,,,,,,,,,,0.16148840325659528,,,,,,0.010037895850178663,0.3808251802371921,0.01708558515003654,0.1586633046108223,0.07763050732572298,0.19426912356944784,,,,,,,,,,,,,,,,,,,,,,,,,,,,,,,,,,,,,,
2023-05,2023-05-01,RF,0.22069030230360626,,,,0.0016425763956284902,,,,,,,,,0.28332330565028735,,,,,,,,,0.032412359498203834,0.39999999999999986,0.013654300798852237,0.006939352250738825,0.041337803102683236,,,,,,,,,,,,,,,,,,,,,,,,,,,,,,,,,
2023-06,2023-06-01,RF,,,,,0.005879693777895033,,,,,,0.14203085549432268,,,,0.39999999999999986,,0.028109476573769096,,,,0.07927709183273163,,,,,0.05005921120122103,0.19931196091115919,0.09533171020890145,,,,,,,,,,,,,,,,,,,,,,,,,,,,,,,,
2023-07,2023-07-01,RF,,0.017949379165851802,,,0.008571822989192549,,,,,,0.18616863493394215,,,,,,0.1128534949473434,,,,,,,,0.34675578387435785,0.13731001848236216,,0.061211911185316985,0.1291789544216331,,,,,,,,,,,,,,,,,,,,,,,,,,,,,,,
2023-08,2023-08-01,RF,,,,,,,,,,,0.06532870070670303,,,,0.07307798888326998,,,,,,,,,,,,,,,0.00804675088436697,0.12578221875243353,0.008909177175306806,0.4,0.12032469107220957,0.19853047252571,,,,,,,,,,,,,,,,,,,,,,,,,
2023-09,2023-09-01,RF,,,,,,,,,,,,,,,0.022790934585671954,,,0.14319072500427346,,,0.10082378592565358,,,,,0.01989204400215736,,,,,,,,,,0.30752505902703453,0.17776570092021632,0.22801175053499323,,,,,,,,,,,,,,,,,,,,,,
2023-10,2023-10-01,RF,0.11488835145926493,,0.2604760211060154,,,,,,,,,,,0.006067912314501765,,,,,,,,,,,,,,,,,,,,,,0.13270874882280131,0.1214543574063338,0.3114943370839146,0.052910271807168396,,,,,,,,,,,,,,,,,,,,,
2023-11,2023-11-01,RF,,0.11897495592931767,,,,,,,,,,,,,,,,,,,,0.3450341244322502,,,,,,,,,0.033780911464879715,,,,,,,,,0.13041944989877768,0.006983099399753473,0.27842476912881997,0.08638268974620135,,,,,,,,,,,,,,,,,
2023-12,2023-12-01,RF,,0.02553066767990014,,,,,,0.4,,,,,,,,,0.01661720782121148,0.2584222689817939,,,0.1615672110584944,,,,,,,,,,,,,,,,,,,,,,,0.13786264445840649,,,,,,,,,,,,,,,,
2024-01,2024-01-01,RF,,0.12072156722167263,,,,,,0.157768137019239,,,,,,,0.15546593489355132,,,,,,,,,,,,,,,,,,,,,,,,,,0.10497413843652062,,,0.01830130826281454,0.3963314573977805,0.046437456768421585,,,,,,,,,,,,,,
2024-02,2024-02-01,RF,,0.02217268355704592,,,,,,,,,,,,,,,,,,,,0.2088999199160839,,0.3575361668869918,,,,,,,,,,,,0.1413831574175123,,,0.0984194845403929,,,,,,,,0.17141980446070695,,,,,,,,,,,,,
2024-03,2024-03-01,RF,0.14827258066269586,,,,,,0.016011847301565907,,,,0.04380228949406709,,,,,,,,,,,,,,,,,,,0.13881143972361845,,,0.04881323491014783,,,,0.4,,,,,,,,0.1746086265780497,,,0.02967998132491485,,,,,,,,,,,,
2024-04,2024-04-01,RF,,,,,,,,,,,,,0.10856764546944311,,,,,0.23340457340560825,,0.17477923585546692,,,,,,0.002558678524629414,,,0.18372485619216186,,,,,,,,,0.22532021344818676,0.07164479710450687,,,,,,,,,,,,,,,,,,,,,
2024-05,2024-05-01,RF,,,,,,,0.007402876292897287,,,,,,,,,0.15124756725257152,,0.07621205960002359,,,,,,0.06321523179255098,,,,,,0.01836400369087009,,,,,,0.24990212968923123,,,,,,,0.3595472269356769,,,,,0.07410890474617839,,,,,,,,,,,,
2024-06,2024-06-01,RF,,,,,,,,,,,,,0.01956135612748807,,,,,0.07735526814554473,,,,0.25126186302736764,,,,,,,,,,,,,,,,,,,,,,,,0.09397212563399057,,,0.3163866668549793,0.15847134049487224,0.08299137971575792,,,,,,,,,
2024-07,2024-07-01,RF,,,,,,,,,,,,,,,,0.3999999999999658,,,,,,0.16722671672909228,,,,,,,,,,,,,,0.08738553708373081,,0.08960419641892696,,,,,,,,0.01024551212016622,,,,,0.07535627260734593,0.06395661411860817,0.10622515092216384,,,,,,,
2024-08,2024-08-01,RF,,,,,,,,,,,0.053235790603678786,,,0.14412261052017222,,0.3999999999999417,,0.07505350143679897,,0.0911237940128094,0.08872023813462843,,,,,0.010519950041866658,,,,,,,,,,,,,0.13722411525010383,,,,,,,,,,,,,,,,,,,,,
2024-09,2024-09-01,RF,,,,,,,0.0234726050155463,,,,,,,,0.26264041039786157,,,,,,0.1687892237644926,,0.06778720985858104,0.3837533195887661,,,,,,,,,,,,,,,,,,,,0.056170775920237274,,,,0.03283695994702018,,,,,,0.004549495507495101,,,,,,
2024-10,2024-10-01,RF,,,,0.09827064795344086,,,,0.002050938411164299,,,,,0.2796571085932661,,,,0.014113523656508723,,,,,,,,,,,,,0.06414077089867938,,,,,,,,,,0.3771913433026108,,0.16406172051542323,,,,,,,,,,,,,,,,,,
2024-11,2024-11-01,RF,,,,,,,,,,,0.07392484136567812,,,,,,,,,,0.07338935442505194,,,,,0.15951006960730732,0.10475658428010003,,0.13867979339026282,0.020830101452332137,,,,,,,,0.3999999999999824,,,,,,,0.028909255479285332,,,,,,,,,,,,,,,
2024-12,2024-12-01,RF,,,,,,,,,,,,,,,,,,0.09616300254404858,,0.2205201379439288,0.015031884088764458,0.09032055687426736,,0.05027318691988828,,,,,,,,,,,0.14403964227164745,0.2143935836569018,,0.1692580057005532,,,,,,,,,,,,,,,,,,,,,,
2025-01,2025-01-01,RF,0.12320621584344184,,,,,,,,,,,,,,,,,0.024194603925947696,,,,0.2739907160515372,,,,,,,,0.009978215833788332,0.02540077133731085,,,,,0.09692996369761635,,0.2786433502312446,,,,,,,,,,,,,,,,,0.16765616307911324,,,,,
2025-02,2025-02-01,RF,,,,,,,0.011553285734687333,,,,0.08481122622813397,,,,,,0.010990728910290237,,,,,,,,0.2437427308079727,0.019484072106380503,0.2405967422205692,,,,,,,0.2260908301088563,,,,,,,,,,,,,,,,,0.16273038388310965,,,,,,,,,
2025-03,2025-03-01,RF,,,,,,,,,,,,,,,,,,0.19896273610667448,,,0.056327633327186294,,,,,,,,,,,,,,,,,,,,,,,,,,0.17141772626233137,,,,0.04473393363104511,,,,,0.39413012322693397,0.13442784744582892,,,
2025-04,2025-04-01,RF,,0.4,,,,0.07297348852957512,,,0.2546094227258545,,,,,,,,,,0.0987230044976072,,,,,,,,,0.04215872822147361,,0.09185069828426391,,,,,,,,,,,,,,,,,,,,,,,,,,,,0.03968465774122557,,
2025-05,2025-05-01,RF,,,,,,,,,0.14285321091098163,,,,,,,,,,0.09755980211349213,,,,,,,,0.1982832293837191,0.24952393315552085,0.12672894459861528,,,,,,,,,,,,,,,0.005721363019858319,,,,,,,,,,,,,,0.15831666913222253,0.02101284768559025,
2025-06,2025-06-01,RF,,,,,,,,,,,0.04062397668467969,0.23288878895826823,,,,,,,,,,,,,,0.08816115325697575,,,,0.07356486312136862,,,,,,,,,,,0.08766851049233033,,,,,,,,,,,,,,,,,,0.07709270748637852,0.4
2025-07,2025-07-01,RF,,,,,,,,,,,,,0.10689526498326254,0.14638624079992119,0.1957937206657524,,,0.09369544588944673,,,,,,,,,,,,,,0.04279881961347102,,,,,,,,,,0.06394381281141222,,0.02418270251952046,,,,,0.3263039927172134,,,,,,,,,,,
2025-08,2025-08-01,RF,,,,,,,,,0.06474697460055057,,,,,,0.08854068361439177,,,0.07633510387561558,,,,0.4,,,,,,0.07234227312755363,,,,,,,0.0907399284567582,,,,,,,,,,,,,0.029716839964275873,,,0.17757819636085428,,,,,,,,,
2025-09,2025-09-01,RF,,,,,,,,,,,,0.227106301458783,,,,,,,,,,,,,0.18221512739023035,,,0.018221007538713717,,,,0.062029354441557084,,0.06397228069530374,,,,,,,,,,,,0.17348613791357265,,,,,,,,,,,0.27296979056183956,,,
2025-10,2025-10-01,RF,0.26502427772105763,,,,,,,,,,0.03300855999613846,,,,0.23047151939900887,,0.022623362333179263,,0.007307457215222772,,,,,,0.040518132503072485,,,0.0010466908323210065,,,,,,,,,,,,,,,,,,,,,,,,,,,,,0.39999999999999963,,,
