Mes,Data,Modelo,GFSA3.SA,EMAE4.SA,AGRO3.SA,BRPR3.SA,MGLU3.SA,AERI3.SA,OIBR3.SA,PCAR3.SA,CSNA3.SA,BBAS3.SA,PSSA3.SA,TIMS3.SA,SUZB3.SA,MSFT34.SA,PINE4.SA,WEGE3.SA,AZUL4.SA,PLPL3.SA,MOVI3.SA,EMBR3.SA,VLID3.SA,CMIG4.SA,BPAC11.SA,TRIS3.SA,TEND3.SA,MRVE3.SA,HBOR3.SA,LREN3.SA,TRAD3.SA,POSI3.SA,ASAI3.SA,PRIO3.SA,OIBR4.SA,CYRE3.SA,GGBR4.SA,SLCE3.SA,PETR4.SA,BRIV3.SA,SBSP3.SA,VALE3.SA,VIVT3.SA,SANB11.SA,TOTS3.SA,EVEN3.SA,USIM5.SA,DIRR3.SA,BRSR6.SA,CXSE3.SA,PETZ3.SA,EGIE3.SA,CPFE3.SA,RDOR3.SA,RAIL3.SA,EQTL3.SA,SEQL3.SA,BBDC4.SA,B3SA3.SA,ABEV3.SA,ELET3.SA,RENT3.SA,HYPE3.SA,TFCO4.SA
2023-01,2023-01-01,retornoultimomes,0.3999999999999924,0.4,0.02568796987557964,0.17431203012444738,,,,,,,,,,,,,,,,,,,,,,,,,,,,,,,,,,,,,,,,,,,,,,,,,,,,,,,,,,
2023-02,2023-02-01,retornoultimomes,,,,,0.2713397125829812,0.10906585671261697,0.06669339927051902,0.10016208704122148,0.20670806913620757,0.2460308752564528,,,,,,,,,,,,,,,,,,,,,,,,,,,,,,,,,,,,,,,,,,,,,,,,,,,,
2023-03,2023-03-01,retornoultimomes,,,,,,,,,,,0.28403346813932245,0.3016686616801179,0.15872925156513298,0.15069572654765218,0.049827626658452875,0.05504526540932207,,,,,,,,,,,,,,,,,,,,,,,,,,,,,,,,,,,,,,,,,,,,,,
2023-04,2023-04-01,retornoultimomes,,,,,,,,,,,,,,0.19799634723306855,,,0.059076438545707315,0.1640989221586916,0.04511950933618485,0.34945365679714885,0.076036231694759,0.10821889423443812,,,,,,,,,,,,,,,,,,,,,,,,,,,,,,,,,,,,,,,,
2023-05,2023-05-01,retornoultimomes,,0.29034242516952163,,0.01720744614609187,,0.026460607672063582,,,,,,0.4,,,,,,,,,,,0.13533629195976138,0.10708148701565301,0.023571742036915182,,,,,,,,,,,,,,,,,,,,,,,,,,,,,,,,,,,,,
2023-06,2023-06-01,retornoultimomes,,,,,,,,,,,,,,,0.4,,0.01626865061658737,,,,0.14707716371253202,,,0.17781486529266408,0.0538753634914718,0.05825686754648503,0.0931447281474119,0.05356236119256096,,,,,,,,,,,,,,,,,,,,,,,,,,,,,,,,,,
2023-07,2023-07-01,retornoultimomes,0.056776595493528294,,,0.005772087951714304,,,,,,,,,,,,,0.013519025250037595,0.20308920249106335,,,,,,,0.08263388255345423,,,,0.334826293432164,0.1247657902128767,0.17861712261516152,,,,,,,,,,,,,,,,,,,,,,,,,,,,,,,
2023-08,2023-08-01,retornoultimomes,,,,,,,,,,,,,,,0.0567973695752541,,,0.031383557737211486,,,,,,,,0.016089105987622587,,,,,,0.12300617920079622,0.4,0.08842195278656982,0.15082555598836855,0.133476278724177,,,,,,,,,,,,,,,,,,,,,,,,,,
2023-09,2023-09-01,retornoultimomes,,,,,,,,,,,,,0.23653588882926316,,,,,,0.014533608818630238,0.06092094292026712,0.032075529110839336,,,,0.026890343672337207,,,,,,,,,,,,0.27412671448762477,0.2074562485568195,0.14746072360421872,,,,,,,,,,,,,,,,,,,,,,,
2023-10,2023-10-01,retornoultimomes,,0.12494263092188834,0.37104747179492287,,,,,,,,,,0.17619318922606092,,,,,,,,,,,,,,,,,,,,,,,,0.09259834935331235,0.12333232371143345,0.06023184867549028,0.010452499105943681,0.04120168721094811,,,,,,,,,,,,,,,,,,,,,
2023-11,2023-11-01,retornoultimomes,0.13202637398114941,,,,,,,,,0.01834430624497533,,,,0.28144301710093333,,,,,,,,,,,,,,,,,,,,,,,,,,,0.35956434349772354,0.20862195903850117,,,,,,,,,,,,,,,,,,,,
2023-12,2023-12-01,retornoultimomes,,,,,0.02515999558384292,,,,0.3999999999985254,,,,,,,,0.004120206156201196,,,,0.1182543367798571,,,,,,,0.14331768336302406,,,,,,,,,,,,,,,0.3091477781176363,,,,,,,,,,,,,,,,,,,
2024-01,2024-01-01,retornoultimomes,0.08812323436327835,,,,,,,,0.14712126679736534,,,,,,0.12083930645318766,,,,,,,,,,,,,,,,,,,0.07471307411120545,,,,,,,,,,0.1475569662027331,0.4,0.021646152072230078,,,,,,,,,,,,,,,,
2024-02,2024-02-01,retornoultimomes,0.014431258659834897,,,,,,,,,,,,,0.17794669106784455,,,,,,,,,,,,,,,,,,,,,,,0.16268832545349757,,0.08393134363459559,,,,,,,,0.20679643270382228,0.35420594848031295,,,,,,,,,,,,,,
2024-03,2024-03-01,retornoultimomes,,,,,,,0.04449862650004746,,,,,,,,0.03421120978608652,,,0.030183686686134165,,,,,,,,,,,0.1998514789996585,,,,0.09431099023220002,,,,,0.3999999999959214,,,,,,,0.16439264761917366,,,,0.03255136018077812,,,,,,,,,,,,,
2024-04,2024-04-01,retornoultimomes,,,,,,,,,,,,,0.15099863422753101,,,,,,,0.3901777822525205,,,,0.01049839519347755,0.009513046696263029,,,,,0.16347634868953778,,0.12379267790127096,,,,,,,,,,,,,,,,0.15154311503939932,,,,,,,,,,,,,,
2024-05,2024-05-01,retornoultimomes,,,,,,,0.007327403673266573,,,,,,,,,0.1350278398449002,,,,,,,,,,,,,0.0338735371177401,,,,,,,,0.33963057839855576,,,,,0.2063053627133658,,,,,,0.12051094115149551,0.08627276611911473,0.07105157098156133,,,,,,,,,,,,
2024-06,2024-06-01,retornoultimomes,,,,,,,,,,,,,,0.20575640878405482,,,,,,0.06291922464044432,,,,,,,,,,,,,,,,,,,,,,,0.07960296761508275,,,0.05913126531729758,,,,0.35040998218286523,0.18802968980574936,0.0541504616545061,,,,,,,,,,
2024-07,2024-07-01,retornoultimomes,,,,,,,,,,,,,0.10439871036811335,0.21113857660126412,,0.4,,,,,,,,,,,,,,,,,,,,,,,,,,,0.07441385955587282,,,0.010237821329475537,,,,,,,0.08720718786976961,0.11260384427546367,,,,,,,,
2024-08,2024-08-01,retornoultimomes,,,,,,,,,,,,0.12055093108535521,,,,0.39999999999988006,,0.05311636381702938,0.0015088073244673827,0.08667121332295162,0.10081599019963966,,,,0.03021396899315326,,,,,,,,,,,,,,0.20712272525752345,,,,,,,,,,,,,,,,,,,,,,,
2024-09,2024-09-01,retornoultimomes,,,,,,0.2161862887435886,0.0036033770339723896,,,,,,,,,,,,,,0.19642331475328614,,,,,,,0.09560539595348631,,,,,,,,,,,,,,,,,,,,,0.0799816477214176,,,,,,0.008199975794228044,0.39999999999996144,,,,,,
2024-10,2024-10-01,retornoultimomes,,,,,,,0.0038841790361818502,,0.013320291090800077,,0.3662172050600281,,,,,,0.014059026724966246,,,,,,,,,,,,0.07363697006580834,,,,,,,,,,,0.26715583792703484,0.20498072722925917,,,,,0.056745762865921534,,,,,,,,,,,,,,,,
2024-11,2024-11-01,retornoultimomes,,,,,,,,,,,,,0.3999999999999876,,,,,0.07820472984812998,,0.09839101618508383,,,,,0.14390114609862434,,,,0.028012498878347655,0.1504041672400114,0.08469375099496101,,,,,,,,,,,,,,0.01639269075485405,,,,,,,,,,,,,,,,,
2024-12,2024-12-01,retornoultimomes,,,,,,,,,,,,,0.1210240855059722,,,,,,,0.1276101280443768,0.024971970563095684,0.24712357003264704,,,,,,,0.0014586293326559869,,,,,,0.1900885096713758,,0.22737860706182716,,,,,,,,,,,0.06034449978804939,,,,,,,,,,,,,,
2025-01,2025-01-01,retornoultimomes,,0.07754813469617414,,,,0.0073125748585464055,,,,,,,0.29790401403596056,0.29624315939468915,,,,,,,,,,,,,,,0.014975997749505303,,,0.047137777470411896,,,,0.08695139344514767,,,,,,,,,,,,,,,,,,,,,0.17192694834956496,,,,,
2025-02,2025-02-01,retornoultimomes,,,,,,,0.012037174965780635,,,,,,,,,,0.027285608197484396,0.07551502621619975,,,,,0.3537757343221908,0.19611153106100443,,,,,,,0.022622293772399323,,,0.13530967156374593,,,,,,,,,0.17734295990119472,,,,,,,,,,,,,,,,,,,
2025-03,2025-03-01,retornoultimomes,,,,,,,,,,,,0.05726010125236716,,,,,,,,0.2167172158912112,0.0648259398966588,,,,,,,,,,,,,,,,,,,,,,0.06814125983837355,,,,,0.019560690331307064,,,,,,,,,,0.4,0.17349479279008187,,,
2025-04,2025-04-01,retornoultimomes,0.24939512317211504,,,,0.0467987637117881,,,0.05885700341210103,,,,,,,,,,,0.09310648699972436,,,,,,,,0.03478709861111819,,,,,,,,,,,,,,,,,,,,,,,,,,,,,,,0.3999999999999998,,0.11705552409315279,,
2025-05,2025-05-01,retornoultimomes,,,,,,,,0.1506727325446769,,,,,,,,,,,0.04204858974352948,,,,,,,,0.1693789400714352,,,0.07125563478113492,0.004652523181451212,,,,,,,,,,,,,,,,,,,,,,,,,,,,,0.1619915796777773,0.3999999999999896,
2025-06,2025-06-01,retornoultimomes,,,,,,,,,,,0.21799505706117292,,,,,,,0.05214966358102799,,,,,,,0.0929163182922797,,,,0.062209570272857735,,0.04681306849458781,,,,,,,,,,,,,0.12791632229807573,,,,,,,,,,,,,,,,,,0.3999999999999972
2025-07,2025-07-01,retornoultimomes,,,,,,,,,,,,0.17975933337294764,,,0.19865770551469003,,,,,0.10725385158517518,,,,,,0.0663732845489018,,0.021076846225996478,,,,,0.002120340185342999,,,,,,,,0.15183169358666052,,,,,,,,,0.27292694495214664,,,,,,,,,,,,
2025-08,2025-08-01,retornoultimomes,,,,,,,,0.06228257098480432,,,,,,0.3999999999999987,0.06226803206766525,,,,,,,,,,,,0.07473410542520001,,0.04992972510915124,,,,,,0.09609178618131142,,,,,,,,0.21442100725226376,,,,,,0.04027277297960535,,,,,,,,,,,,,
2025-09,2025-09-01,retornoultimomes,,,,,,,,,,,,,,,,,,,,,,,0.1590007934956731,,,0.07176069591578382,,,,,,,,0.020236639532854525,,,,,,,,,,,,0.1157141417912136,,,,,,0.3443087129571668,,,,,,,0.2889790163073114,,,
2025-10,2025-10-01,retornoultimomes,,0.2896787687918761,,,0.009325159987267058,,,,,,,,,,0.3198014197111629,,0.034875752164444544,0.07042125446923031,0.026308524746867182,,,,,,,,,,,,,,,,,,,,,,,,,,,,,,,,,,,,,,,,0.24879105735283055,,,
