Mes,Data,Modelo,EMAE4.SA,GFSA3.SA,BRAP4.SA,GGBR4.SA,PRIO3.SA,AGRO3.SA,CSNA3.SA,MGLU3.SA,AERI3.SA,OIBR3.SA,BBAS3.SA,PSSA3.SA,EMBR3.SA,PLPL3.SA,AZUL4.SA,MOVI3.SA,MSFT34.SA,VLID3.SA,BRPR3.SA,TIMS3.SA,TEND3.SA,BPAC11.SA,PINE4.SA,TRIS3.SA,MRVE3.SA,BRSR6.SA,PETR4.SA,TRAD3.SA,CYRE3.SA,HBOR3.SA,TFCO4.SA,SUZB3.SA,BRIV3.SA,VIVT3.SA,VALE3.SA,CXSE3.SA,TOTS3.SA,LREN3.SA,USIM5.SA,EVEN3.SA,DIRR3.SA,SBSP3.SA,OIBR4.SA,POSI3.SA,PETZ3.SA,WEGE3.SA,EGIE3.SA,RDOR3.SA,CMIG4.SA,RAIL3.SA,SEQL3.SA,BBDC4.SA,SLCE3.SA,B3SA3.SA,ELET3.SA,ABEV3.SA,PCAR3.SA,RENT3.SA,ASAI3.SA,HYPE3.SA
2023-01,2023-01-01,media3m,0.1629650668602205,0.10892324752808431,0.4,0.14076165514160927,0.08581944467312436,0.10153058579696167,,,,,,,,,,,,,,,,,,,,,,,,,,,,,,,,,,,,,,,,,,,,,,,,,,,,,,
2023-02,2023-02-01,media3m,0.09931433929739787,0.016565021192366355,0.39549227236773665,0.24386024614134044,,,0.06265342412459404,0.07709128376809962,0.06035257834515127,0.04467083476331371,,,,,,,,,,,,,,,,,,,,,,,,,,,,,,,,,,,,,,,,,,,,,,,,,,
2023-03,2023-03-01,media3m,,0.013746557509035124,,,,,0.10318265296376876,0.04559995315815035,,,0.2609072491106215,0.3234918325552008,0.2530717547032237,,,,,,,,,,,,,,,,,,,,,,,,,,,,,,,,,,,,,,,,,,,,,,,
2023-04,2023-04-01,media3m,,,,,,,,,,,0.1376684983156642,,0.3999999999999999,0.11988171497854218,0.009816029906747091,0.030712309643467745,0.22143970218886755,0.08048174496671133,,,,,,,,,,,,,,,,,,,,,,,,,,,,,,,,,,,,,,,,,,
2023-05,2023-05-01,media3m,0.13755165026824165,,,,,,,,0.016628733361153076,,,,,0.17210686158844993,,0.029023203579152796,,,0.003342597635951134,0.39999999999997227,0.05551244410172097,0.18583450946535818,,,,,,,,,,,,,,,,,,,,,,,,,,,,,,,,,,,,,,
2023-06,2023-06-01,media3m,0.12684952209840367,,,,,,,,,,,,,0.15540592180067592,,0.023682567618779165,,0.16118522353327508,,,0.059073917221829704,,0.2662992858110919,0.16498282950201254,0.04252073233451541,,,,,,,,,,,,,,,,,,,,,,,,,,,,,,,,,,,
2023-07,2023-07-01,media3m,,,,,,,,,,,,,,0.05202709798029011,,,,,,,0.010567481779816874,0.12188744286020826,0.06370329520511672,0.06474131558166198,,0.4,0.2869525040215248,,,,,,,,,,,,,,,,,,,,,,,,,,,,,,,,,
2023-08,2023-08-01,media3m,,,,,,,,,,,,,,0.12244177583035781,,,,,,,0.03557595614477339,,0.07625581574022264,0.22684780002949095,0.021111652974203803,,,0.03339270346532793,0.3999999999999999,0.08437429581562361,,,,,,,,,,,,,,,,,,,,,,,,,,,,,,
2023-09,2023-09-01,media3m,,,,,0.22537867963665242,,,,,,,,,0.019001752061421504,,,,0.13588429980579972,,,0.061268774554929156,,0.05245302062251733,,,,0.25607357085046173,,,,0.24993990246821812,,,,,,,,,,,,,,,,,,,,,,,,,,,,,
2023-10,2023-10-01,media3m,,,,,0.08776209782636513,0.19081440580451936,,,,,,,,,,,,0.029885435740528488,,,,,0.032318466253387614,,,,0.1873942581622149,,,,,0.33881473243135085,0.13243889780515716,,,,,,,,,,,,,,,,,,,,,,,,,,,
2023-11,2023-11-01,media3m,,0.017942841603564512,,,,0.013456697495928824,,,,,,,,,,,0.23266084283457403,,,0.12585291486602926,,,,,,,0.21264353692426408,,,,,,,0.28507506080475414,0.00796865714687933,0.10439944832400587,,,,,,,,,,,,,,,,,,,,,,,,
2023-12,2023-12-01,media3m,,0.01314360218269376,,,,,0.271537569615185,,,,,,0.0811830252534984,,,,,0.07583725869559785,,,,,,,,,,,,,,,,0.4,,,0.13985818184469154,0.018440362408333678,,,,,,,,,,,,,,,,,,,,,,
2024-01,2024-01-01,media3m,,0.020212767227600566,,,,,0.11766353783946851,,,,,,0.16540764726111623,,,,,,,,,,,,,,,,,0.024700826464623103,,,,,,,,0.09427521869383966,0.3999999999999999,0.12700931628058607,0.05073068623276597,,,,,,,,,,,,,,,,,,,
2024-02,2024-02-01,media3m,,,,,,,0.023737217729880758,,,,,,0.05717598878272455,,,,,,,,,,,,,0.22330294508094134,,,,,,,,,,0.399999999999997,,,0.13648227465195356,,,0.15925565094707797,,,,,,,,,,,,,,,,,,
2024-03,2024-03-01,media3m,,,,,,,,,,0.005654953567231302,,,,0.03289846238825714,,,,,,,,,0.03959490357375154,,,0.1837640121706507,,0.09538986850243297,,,,,0.4,,,,,,0.13177595325553912,,,,0.11092184654213404,,,,,,,,,,,,,,,,,
2024-04,2024-04-01,media3m,0.05402886076061747,,,,,,,,,,,,0.24042883358426367,0.015038832502618737,,,,,,,,,,,,,,,,,,0.2532080576585231,,,,0.24077710717086212,,,,,0.0573580898815272,,,0.13916021844158727,,,,,,,,,,,,,,,,
2024-05,2024-05-01,media3m,,,,,,,,,,0.0034439680615761287,,,0.24154468402469084,,,,,,,,0.02471203679519193,,,,,,0.26973001183412965,0.03366055908888319,,,,,,,,,,,,,,,,0.03695173128715416,0.08977683227953938,0.30018017662883467,,,,,,,,,,,,,,
2024-06,2024-06-01,media3m,,,,,,,,,,,,0.04458540727411544,0.2282248880265211,,,,0.1603525649641138,,,,,,,,,,,,,,,,,,,,,,,,,,,,,,0.3027030150395792,0.09411763545603792,0.1700164892396325,,,,,,,,,,,
2024-07,2024-07-01,media3m,,,,,,,,,,,,,,,,,0.2120432509191742,,,,,,,,,,0.12745344973316253,,,,,,,,,,0.06592882595563249,,,,0.007493081390986274,,,,,0.4,0.1572415932784634,,0.029839798722581218,,,,,,,,,,,
2024-08,2024-08-01,media3m,,,,,,,,,,,,,0.12487726953605761,0.02766141184856643,,,,0.04191677999580659,,,,,,,,,,,,,,,,,,,,,,,0.1326677482692727,0.1859729788297028,,,,0.3999999999999998,,,,0.086903811520594,,,,,,,,,,
2024-09,2024-09-01,media3m,,,,,,,,,0.01656500353079794,,,,0.06684237720480228,,,,,0.11982938731172832,,,,,,,,,,,,,,,,,,,,0.12667681510418616,,,,,,,0.0735844374952605,0.19457392548230154,,,,,0.001928053870923233,0.39999999999999997,,,,,,,,
2024-10,2024-10-01,media3m,,,,,,,,,0.0031597913420784588,,,0.3999999999999998,0.05864276871017384,,,,,0.10417314823989048,,,,,,,,,,0.021621354799387118,,,,,,0.28094760382058914,,,,0.1202102054110489,,,,,,,0.01124512767683237,,,,,,,,,,,,,,,
2024-11,2024-11-01,media3m,,,,,,,,,0.0017860141019904472,,,0.3999999999999998,,0.10586569046707091,,,,0.17131207516499097,,,0.0698993347034028,,,,,,,0.02752657476756566,,,,,,,,,,0.18095821869334933,,,,,,,0.04265209210163011,,,,,,,,,,,,,,,
2024-12,2024-12-01,media3m,,,,0.08956707376812043,,,,,,,,0.30977243195406334,0.1871014432692945,,,,0.08557913948940521,0.016262346933937924,,,,,,0.03864861969069243,,,,0.022629026438456087,,,,0.25043991845603003,,,,,,,,,,,,,,,,,,,,,,,,,,,,
2025-01,2025-01-01,media3m,0.08041864679853666,,,,,,,,,,,,0.05522349952368851,,,,0.22339729262764435,0.032023078698089395,,,,,,,,,0.2844022140944246,0.017833235613290435,,,,0.30123623157358154,,,,,,,,,,,,,,,,,,,,,0.005465801070744316,,,,,,,
2025-02,2025-02-01,media3m,,,,,,,,,,,0.39999999999999997,,0.16835375453326085,,,,,,,,,0.057485758875341596,,0.008533032831549872,,,,,,,,,,,,,0.21335978382662896,,,,,,,,,,,,,,,,,0.15226766993321875,,,,,,
2025-03,2025-03-01,media3m,,,,,,,,,,,0.1266367671121231,,0.2502605820596663,,,,,0.012154021766294484,,,,,,0.012747763660131408,,,,,,,,,,,,,0.2394805200756608,,,,,,,,,,,,,,,,,,0.21377307136308246,0.14494727396304147,,,,
2025-04,2025-04-01,media3m,,0.0074084656353277795,,,,,,0.025146571389034266,,,,,,0.06552554818085596,,0.06422942306860281,,,,,,,,0.2977498473843419,,,,,0.4,0.08030385620287811,,,,,,,,,,,,,,,,,,,,,,,,,,,0.059636288138959125,,,
2025-05,2025-05-01,media3m,,,,,,,,,,,,,,,,,,,,,,,,0.11223054839620727,,,,,,0.03744652874934026,,,,,,,,,,,,,,,,,,,,,,,,,,0.33633448388018394,0.029311755873542754,0.08087777943640144,0.05150589836512103,0.3522930052992035
2025-06,2025-06-01,media3m,,,,,,,,,,,,,,0.12389937218608221,,,,,,,0.06751815822106731,,,,,,,0.06727707159915006,,0.05586782112669334,0.3999999999999998,,,,,,,0.05357445186897944,,,,,,,,,,,,,,,,,,,,,0.23186312499802791,
2025-07,2025-07-01,media3m,,,,,,,,,,,,0.30915051405826227,,0.02982393299797313,,,,,,,0.03332357193017829,,0.22034384239050395,,,,,,,0.016457684327811795,0.23965240505974278,,,,,,,0.06094934229208642,,,,,,,,,,,,,,,,,,,,,,0.09029870661343667
2025-08,2025-08-01,media3m,,,,,,,,,,,,,0.04810054482273813,,,,0.34047993844918106,,,,0.03258833007216015,,0.1149441593730304,,,,,,,0.023594140524348828,0.07272157404110259,,,0.20574354111930482,,,0.16182777159813408,,,,,,,,,,,,,,,,,,,,,,,
2025-09,2025-09-01,media3m,,,,,,,,,,,,,,,,,,,,,,0.18522687208248448,0.13394568774727206,,0.09600890824670084,,,,0.01833011922266457,0.015876378595236555,,,,,,,,,,,0.125042341562065,,,,,,,0.20038086955135245,,,,,,,0.22518882299222417,,,,,
2025-10,2025-10-01,media3m,0.16839603154973146,,,,,,,,,,,,,0.02967391298037099,0.025891511800384057,0.022801631505078388,,,,,,,0.22430607146740575,,,,,,,0.016350092862608172,,,,,,,,,,,,,,,,,,0.3042715165224829,,,,,,,0.20830923131193832,,,,,
